{"cameraMode":{"drawMode":0,"name":"Shaded","section":"Shading Mode"},"sceneLighting":false,"audioPlay":false,"sceneViewState":{"showFog":true,"showMaterialUpdate":true,"showSkybox":false,"showFlares":true,"showImageEffects":true,"showParticleSystems":true},"in2DMode":false,"pivot":{"x":530.1530151367188,"y":276.8587646484375,"z":-0.4876376688480377},"rotation":{"x":-0.013975626789033413,"y":-0.1339893639087677,"z":0.0018477620324119926,"w":-0.9909400939941406},"size":0.06046440452337265,"orthographic":false}