{"cameraMode":{"drawMode":0,"name":"Shaded","section":"Shading Mode"},"sceneLighting":true,"audioPlay":false,"sceneViewState":{"showFog":false,"showMaterialUpdate":false,"showSkybox":false,"showFlares":false,"showImageEffects":false,"showParticleSystems":false},"in2DMode":false,"pivot":{"x":-2.5851030349731447,"y":1.6963471174240113,"z":-15.59881591796875},"rotation":{"x":0.12678320705890656,"y":0.07580510526895523,"z":-0.009718422777950764,"w":0.9889847636222839},"size":1.1135892868041993,"orthographic":false}