{"cameraMode":{"drawMode":0,"name":"Shaded","section":"Shading Mode"},"sceneLighting":true,"audioPlay":false,"sceneViewState":{"showFog":true,"showMaterialUpdate":true,"showSkybox":true,"showFlares":true,"showImageEffects":true,"showParticleSystems":true},"in2DMode":false,"pivot":{"x":-10.760857582092286,"y":-8.540924072265625,"z":4.992023468017578},"rotation":{"x":-0.18789459764957429,"y":0.27628904581069949,"z":-0.05518626421689987,"w":-0.9409570097923279},"size":15.852886199951172,"orthographic":false}