{"cameraMode":{"drawMode":0,"name":"Shaded","section":"Shading Mode"},"sceneLighting":true,"audioPlay":false,"sceneViewState":{"showFog":true,"showMaterialUpdate":true,"showSkybox":true,"showFlares":true,"showImageEffects":true,"showParticleSystems":true},"in2DMode":false,"pivot":{"x":-45.081748962402347,"y":-12.910290718078614,"z":138.04147338867188},"rotation":{"x":-0.04523799195885658,"y":0.11839024722576142,"z":-0.005638879723846912,"w":-0.9920446872711182},"size":79.36722564697266,"orthographic":false}