{"cameraMode":{"drawMode":0,"name":"Shaded","section":"Shading Mode"},"sceneLighting":true,"audioPlay":false,"sceneViewState":{"showFog":false,"showMaterialUpdate":false,"showSkybox":false,"showFlares":false,"showImageEffects":false,"showParticleSystems":false},"in2DMode":false,"pivot":{"x":610.10791015625,"y":319.616943359375,"z":-26.22589111328125},"rotation":{"x":0.12678320705890656,"y":0.07580510526895523,"z":-0.009718422777950764,"w":0.9889847636222839},"size":282.8227844238281,"orthographic":false}