{"cameraMode":{"drawMode":0,"name":"Shaded","section":"Shading Mode"},"sceneLighting":true,"audioPlay":false,"sceneViewState":{"showFog":true,"showMaterialUpdate":true,"showSkybox":true,"showFlares":true,"showImageEffects":true,"showParticleSystems":true},"in2DMode":false,"pivot":{"x":-3.9075045585632326,"y":0.2906430959701538,"z":-3.1507577896118166},"rotation":{"x":0.06583359837532044,"y":-0.05983376502990723,"z":0.003954023588448763,"w":0.9960302114486694},"size":6.775101661682129,"orthographic":false}