{"cameraMode":{"drawMode":0,"name":"Shaded","section":"Shading Mode"},"sceneLighting":true,"audioPlay":false,"sceneViewState":{"showFog":true,"showMaterialUpdate":true,"showSkybox":true,"showFlares":true,"showImageEffects":true,"showParticleSystems":true},"in2DMode":false,"pivot":{"x":-71.21156311035156,"y":-12.523518562316895,"z":20.876972198486329},"rotation":{"x":-0.0741782858967781,"y":0.5037866234779358,"z":-0.04350973293185234,"w":-0.8596223592758179},"size":41.36845779418945,"orthographic":false}